DATE,SERIES,OPEN,HIGH,LOW,PREV. CLOSE,LTP,CLOSE,VWAP,52W H,52W L,VOLUME,VALUE,NO. OF  TRADES
04-Jun-2026,EQ,"2,241.70","2,253.10","2,216.60","2,241.70","2,243.00","2,241.00","2,236.45","3,538.00","2,206.40","48,67,263","10,88,54,12,981.10","1,56,136"
03-Jun-2026,EQ,"2,393.00","2,393.00","2,224.80","2,446.90","2,245.00","2,241.70","2,267.78","3,538.00","2,206.40","1,56,60,062","35,51,36,38,076.70","5,02,630"
02-Jun-2026,EQ,"2,320.00","2,457.40","2,316.20","2,297.40","2,451.10","2,446.90","2,419.08","3,538.00","2,206.40","1,13,06,127","27,35,04,73,864.60","3,66,391"
01-Jun-2026,EQ,"2,284.00","2,335.00","2,280.00","2,258.90","2,296.40","2,297.40","2,300.81","3,538.00","2,206.40","75,05,095","17,26,77,97,717.50","1,54,067"
29-May-2026,EQ,"2,291.00","2,334.00","2,235.00","2,284.20","2,256.00","2,258.90","2,271.96","3,545.00","2,206.40","1,63,31,582","37,10,46,29,642.30","2,31,376"
27-May-2026,EQ,"2,275.00","2,295.60","2,260.90","2,276.20","2,289.90","2,284.20","2,276.47","3,545.00","2,206.40","26,53,950","6,04,16,27,688.20","1,23,480"
26-May-2026,EQ,"2,308.20","2,327.90","2,272.40","2,308.20","2,281.40","2,276.20","2,289.98","3,545.00","2,206.40","35,87,597","8,21,55,34,119.50","1,30,719"
25-May-2026,EQ,"2,325.00","2,326.10","2,293.00","2,317.30","2,307.40","2,308.20","2,310.30","3,545.00","2,206.40","32,98,364","7,62,02,24,109.50","75,809"
22-May-2026,EQ,"2,331.10","2,340.00","2,308.10","2,327.20","2,317.90","2,317.30","2,323.55","3,558.00","2,206.40","26,17,262","6,08,13,46,029.20","87,846"
21-May-2026,EQ,"2,331.00","2,335.90","2,314.00","2,327.40","2,325.40","2,327.20","2,324.25","3,558.00","2,206.40","32,99,087","7,66,79,13,393.70","1,06,203"
20-May-2026,EQ,"2,323.90","2,342.00","2,317.80","2,327.10","2,324.10","2,327.40","2,332.61","3,558.00","2,206.40","25,37,422","5,91,88,03,274.80","98,920"
19-May-2026,EQ,"2,300.00","2,377.60","2,297.10","2,283.20","2,330.00","2,327.10","2,347.34","3,558.00","2,206.40","1,03,94,707","24,39,98,67,016.00","2,36,124"
18-May-2026,EQ,"2,264.00","2,292.90","2,252.20","2,264.00","2,289.90","2,283.20","2,277.12","3,558.00","2,206.40","37,73,336","8,59,23,31,857.60","1,18,965"
15-May-2026,EQ,"2,252.00","2,304.90","2,252.00","2,246.00","2,267.00","2,264.00","2,280.06","3,630.50","2,206.40","34,10,637","7,77,64,69,684.80","1,35,890"
14-May-2026,EQ,"2,265.00","2,265.00","2,206.40","2,272.80","2,249.90","2,246.00","2,236.83","3,630.50","2,206.40","56,33,313","12,60,07,36,362.00","2,41,132"
13-May-2026,EQ,"2,306.00","2,309.20","2,269.00","2,300.30","2,274.00","2,272.80","2,285.14","3,630.50","2,269.00","31,71,843","7,24,80,98,371.80","1,69,055"
12-May-2026,EQ,"2,375.00","2,375.00","2,283.00","2,392.90","2,303.50","2,300.30","2,302.30","3,630.50","2,283.00","63,47,884","14,61,47,16,645.60","3,58,785"
11-May-2026,EQ,"2,371.00","2,415.00","2,371.00","2,394.40","2,400.00","2,392.90","2,397.63","3,630.50","2,346.20","19,75,188","4,73,57,75,184.10","1,16,550"
08-May-2026,EQ,"2,398.00","2,407.00","2,375.10","2,401.40","2,397.20","2,394.40","2,387.75","3,630.50","2,346.20","37,92,199","9,05,48,24,056.00","1,84,241"
07-May-2026,EQ,"2,438.20","2,439.70","2,398.00","2,435.40","2,403.00","2,401.40","2,408.44","3,630.50","2,346.20","58,29,594","14,04,02,48,979.00","1,67,098"
06-May-2026,EQ,"2,441.90","2,471.00","2,406.50","2,427.30","2,435.00","2,435.40","2,433.81","3,630.50","2,346.20","31,47,628","7,66,07,43,017.80","1,30,239"
05-May-2026,EQ,"2,430.00","2,460.40","2,412.20","2,431.30","2,429.80","2,427.30","2,432.41","3,630.50","2,346.20","33,85,720","8,23,54,52,650.20","1,34,489"
04-May-2026,EQ,"2,494.00","2,498.30","2,425.00","2,473.90","2,430.00","2,431.30","2,444.12","3,630.50","2,346.20","26,32,358","6,43,37,88,855.30","1,45,629"
30-Apr-2026,EQ,"2,479.00","2,491.00","2,438.00","2,474.70","2,474.80","2,473.90","2,470.47","3,630.50","2,346.20","39,70,446","9,80,88,81,103.10","1,75,405"
29-Apr-2026,EQ,"2,451.00","2,487.90","2,447.60","2,444.70","2,465.00","2,474.70","2,473.75","3,630.50","2,346.20","28,35,961","7,01,54,68,503.50","1,45,414"
28-Apr-2026,EQ,"2,444.00","2,487.00","2,427.40","2,447.60","2,450.70","2,444.70","2,452.87","3,630.50","2,346.20","45,08,363","11,05,84,22,250.70","2,02,414"
27-Apr-2026,EQ,"2,396.90","2,459.00","2,396.90","2,396.90","2,448.00","2,447.60","2,439.56","3,630.50","2,346.20","58,53,425","14,27,98,01,556.70","2,26,406"
24-Apr-2026,EQ,"2,488.00","2,505.00","2,388.80","2,521.80","2,401.00","2,396.90","2,426.09","3,630.50","2,346.20","51,07,719","12,39,18,09,512.40","3,00,607"
23-Apr-2026,EQ,"2,529.00","2,559.50","2,516.30","2,538.50","2,518.20","2,521.80","2,538.03","3,630.50","2,346.20","25,09,050","6,36,80,42,336.20","1,16,013"
22-Apr-2026,EQ,"2,580.00","2,580.00","2,503.60","2,610.50","2,535.30","2,538.50","2,543.73","3,630.50","2,346.20","52,32,045","13,30,89,11,672.10","2,34,440"
21-Apr-2026,EQ,"2,560.00","2,614.00","2,560.00","2,579.60","2,609.90","2,610.50","2,596.45","3,630.50","2,346.20","27,19,959","7,06,22,45,701.10","1,26,132"
20-Apr-2026,EQ,"2,587.10","2,594.00","2,561.20","2,581.50","2,575.90","2,579.60","2,581.08","3,630.50","2,346.20","22,88,558","5,90,69,41,172.80","1,24,006"
17-Apr-2026,EQ,"2,570.00","2,589.00","2,555.90","2,576.90","2,583.60","2,581.50","2,577.98","3,630.50","2,346.20","27,18,206","7,00,74,72,973.50","1,31,272"
16-Apr-2026,EQ,"2,572.00","2,594.00","2,558.00","2,554.90","2,573.00","2,576.90","2,575.26","3,630.50","2,346.20","39,05,403","10,05,74,27,039.80","1,74,580"
15-Apr-2026,EQ,"2,501.90","2,559.00","2,493.40","2,472.60","2,552.80","2,554.90","2,542.02","3,630.50","2,346.20","52,61,384","13,37,45,54,360.50","1,86,444"
13-Apr-2026,EQ,"2,489.90","2,504.90","2,470.00","2,524.30","2,470.70","2,472.60","2,480.40","3,630.50","2,346.20","37,39,587","9,27,56,88,865.00","1,52,183"
10-Apr-2026,EQ,"2,565.80","2,565.80","2,501.10","2,589.00","2,523.00","2,524.30","2,522.67","3,630.50","2,346.20","1,04,80,239","26,43,82,19,057.00","3,73,922"
09-Apr-2026,EQ,"2,554.00","2,605.00","2,531.10","2,559.20","2,590.00","2,589.00","2,577.84","3,630.50","2,346.20","56,28,261","14,50,87,58,087.80","2,18,190"
08-Apr-2026,EQ,"2,572.00","2,580.30","2,540.10","2,539.80","2,561.10","2,559.20","2,557.13","3,630.50","2,346.20","47,69,337","12,19,58,04,701.30","2,36,001"
07-Apr-2026,EQ,"2,461.00","2,543.90","2,448.00","2,473.90","2,543.50","2,539.80","2,522.72","3,630.50","2,346.20","45,16,550","11,39,39,81,114.00","2,19,120"
06-Apr-2026,EQ,"2,474.00","2,482.00","2,448.20","2,450.70","2,472.00","2,473.90","2,465.46","3,630.50","2,346.20","25,72,417","6,34,21,91,751.10","1,18,175"
02-Apr-2026,EQ,"2,386.00","2,469.90","2,375.70","2,408.20","2,445.70","2,450.70","2,428.65","3,630.50","2,346.20","53,78,361","13,06,21,62,395.40","2,53,292"
01-Apr-2026,EQ,"2,429.00","2,472.00","2,397.90","2,358.90","2,411.20","2,408.20","2,433.70","3,630.50","2,346.20","41,32,661","10,05,76,37,617.80","1,47,044"
30-Mar-2026,EQ,"2,375.10","2,398.00","2,346.20","2,389.80","2,365.00","2,358.90","2,370.92","3,630.50","2,346.20","68,04,756","16,13,35,42,829.30","1,86,938"
27-Mar-2026,EQ,"2,403.90","2,422.10","2,385.00","2,377.40","2,387.50","2,389.80","2,403.64","3,710.00","2,348.00","49,79,411","11,96,86,98,699.20","2,04,594"
25-Mar-2026,EQ,"2,400.90","2,421.60","2,369.80","2,398.80","2,377.90","2,377.40","2,397.29","3,710.00","2,348.00","58,43,778","14,00,92,57,427.90","2,16,118"
24-Mar-2026,EQ,"2,404.10","2,435.40","2,379.10","2,383.80","2,400.80","2,398.80","2,405.63","3,710.00","2,348.00","34,20,182","8,22,77,06,052.40","1,74,467"
23-Mar-2026,EQ,"2,365.00","2,406.80","2,348.00","2,390.60","2,380.00","2,383.80","2,389.12","3,710.00","2,348.00","38,60,515","9,22,32,42,939.10","2,14,767"
20-Mar-2026,EQ,"2,386.00","2,407.80","2,364.20","2,356.00","2,397.60","2,390.60","2,384.64","3,710.00","2,350.20","42,06,320","10,03,05,76,230.90","1,86,293"
19-Mar-2026,EQ,"2,417.00","2,424.00","2,350.20","2,440.80","2,362.80","2,356.00","2,378.78","3,710.00","2,350.20","27,57,060","6,55,84,45,932.60","1,71,760"
18-Mar-2026,EQ,"2,410.00","2,482.90","2,410.00","2,391.70","2,439.00","2,440.80","2,457.23","3,710.00","2,360.00","30,82,388","7,57,41,39,825.80","1,49,271"
17-Mar-2026,EQ,"2,420.00","2,420.00","2,360.00","2,409.20","2,394.00","2,391.70","2,387.21","3,710.00","2,360.00","29,93,367","7,14,58,03,596.00","2,07,239"
16-Mar-2026,EQ,"2,410.00","2,425.00","2,366.10","2,410.50","2,401.00","2,409.20","2,394.18","3,710.00","2,366.10","38,07,907","9,11,68,14,433.00","1,69,215"
13-Mar-2026,EQ,"2,437.00","2,445.90","2,397.00","2,442.40","2,412.00","2,410.50","2,418.06","3,710.00","2,397.00","24,66,488","5,96,41,19,962.40","1,80,674"
12-Mar-2026,EQ,"2,459.80","2,472.90","2,436.00","2,464.90","2,447.00","2,442.40","2,450.97","3,710.00","2,436.00","27,52,075","6,74,52,52,596.10","1,65,970"
11-Mar-2026,EQ,"2,508.10","2,521.00","2,460.10","2,513.10","2,463.00","2,464.90","2,482.92","3,710.00","2,460.10","27,20,664","6,75,52,04,516.50","1,92,326"
10-Mar-2026,EQ,"2,541.00","2,545.20","2,490.10","2,527.40","2,517.40","2,513.10","2,507.26","3,710.00","2,490.10","43,23,710","10,84,06,45,308.20","2,14,008"
09-Mar-2026,EQ,"2,530.00","2,560.00","2,505.00","2,557.60","2,527.80","2,527.40","2,525.33","3,710.00","2,505.00","36,53,428","9,22,61,03,997.60","1,91,560"
06-Mar-2026,EQ,"2,572.00","2,619.20","2,553.60","2,578.80","2,560.00","2,557.60","2,581.54","3,710.00","2,546.40","39,98,643","10,32,26,55,875.30","1,43,599"
05-Mar-2026,EQ,"2,600.00","2,609.50","2,546.40","2,587.80","2,575.00","2,578.80","2,567.95","3,710.00","2,546.40","29,60,636","7,60,27,67,475.60","1,86,527"
04-Mar-2026,EQ,"2,625.00","2,635.00","2,580.40","2,613.50","2,583.00","2,587.80","2,598.18","3,710.00","2,561.30","34,46,434","8,95,44,59,042.60","1,93,409"
02-Mar-2026,EQ,"2,592.00","2,623.80","2,580.30","2,637.40","2,611.70","2,613.50","2,606.37","3,710.00","2,561.30","33,74,385","8,79,48,98,070.10","2,27,265"
27-Feb-2026,EQ,"2,681.60","2,688.60","2,626.10","2,647.70","2,639.70","2,637.40","2,644.90","3,763.20","2,561.30","50,83,717","13,44,59,33,670.90","1,66,737"
26-Feb-2026,EQ,"2,650.00","2,671.00","2,635.00","2,629.30","2,649.00","2,647.70","2,649.37","3,763.20","2,561.30","34,64,267","9,17,81,07,812.80","1,48,371"
25-Feb-2026,EQ,"2,596.00","2,654.20","2,595.00","2,573.70","2,629.00","2,629.30","2,632.16","3,763.20","2,561.30","36,21,285","9,53,17,84,527.20","1,70,312"
24-Feb-2026,EQ,"2,641.00","2,647.50","2,561.30","2,676.30","2,581.00","2,573.70","2,586.99","3,763.20","2,561.30","77,98,833","20,17,55,18,856.60","4,24,406"
23-Feb-2026,EQ,"2,686.00","2,704.00","2,660.20","2,686.20","2,674.00","2,676.30","2,675.99","3,763.20","2,585.00","46,99,596","12,57,60,73,695.10","1,71,914"
20-Feb-2026,EQ,"2,667.00","2,702.60","2,647.50","2,677.90","2,685.00","2,686.20","2,684.40","3,934.00","2,585.00","22,93,482","6,15,66,33,439.20","98,725"
19-Feb-2026,EQ,"2,708.00","2,748.70","2,666.60","2,694.90","2,675.00","2,677.90","2,709.33","3,934.00","2,585.00","32,38,849","8,77,50,99,079.90","1,37,884"
18-Feb-2026,EQ,"2,730.00","2,730.00","2,657.30","2,717.40","2,694.50","2,694.90","2,687.82","3,934.00","2,585.00","29,50,820","7,93,12,64,158.60","1,40,494"
17-Feb-2026,EQ,"2,716.00","2,760.00","2,695.20","2,706.60","2,719.80","2,717.40","2,735.60","3,934.00","2,585.00","42,09,118","11,51,44,52,779.90","1,63,505"
16-Feb-2026,EQ,"2,700.00","2,719.80","2,671.00","2,692.20","2,713.00","2,706.60","2,692.22","3,934.00","2,585.00","29,18,730","7,85,78,74,541.60","1,34,363"
13-Feb-2026,EQ,"2,585.00","2,713.00","2,585.00","2,750.10","2,695.00","2,692.20","2,649.41","4,052.00","2,585.00","1,11,68,735","29,59,05,99,535.80","4,15,060"
12-Feb-2026,EQ,"2,869.80","2,880.00","2,740.00","2,909.80","2,741.90","2,750.10","2,778.17","4,052.00","2,740.00","1,06,12,156","29,48,23,35,572.60","6,60,406"
11-Feb-2026,EQ,"2,980.00","2,998.00","2,904.20","2,984.60","2,909.00","2,909.80","2,938.39","4,052.00","2,866.60","33,63,513","9,88,33,23,310.30","2,37,669"
10-Feb-2026,EQ,"2,949.80","3,011.60","2,943.50","2,948.20","2,983.00","2,984.60","2,985.30","4,052.00","2,866.60","35,47,763","10,59,11,45,975.60","2,20,699"
09-Feb-2026,EQ,"2,959.10","2,977.00","2,937.50","2,941.60","2,951.00","2,948.20","2,949.18","4,052.00","2,866.60","23,80,318","7,01,99,76,408.70","1,41,131"
06-Feb-2026,EQ,"2,976.60","2,985.00","2,916.00","2,991.50","2,940.30","2,941.60","2,934.09","4,150.00","2,866.60","46,87,389","13,75,32,36,280.20","3,47,514"
05-Feb-2026,EQ,"2,990.00","3,029.70","2,972.30","2,999.10","2,991.70","2,991.50","3,000.10","4,150.00","2,866.60","35,21,545","10,56,50,02,490.30","1,78,696"
04-Feb-2026,EQ,"3,120.00","3,120.00","2,986.00","3,225.30","2,999.90","2,999.10","3,020.56","4,150.00","2,866.60","1,08,52,595","32,78,09,47,704.20","5,03,705"
03-Feb-2026,EQ,"3,350.00","3,350.00","3,186.30","3,169.60","3,220.00","3,225.30","3,231.27","4,150.00","2,866.60","43,66,060","14,10,79,06,461.20","2,04,924"
02-Feb-2026,EQ,"3,198.00","3,198.00","3,134.00","3,186.90","3,167.00","3,169.60","3,164.69","4,150.00","2,866.60","26,36,272","8,34,29,86,354.50","1,08,170"
01-Feb-2026,EQ,"3,123.80","3,234.00","3,105.20","3,123.90","3,178.20","3,186.90","3,182.48","4,156.35","2,866.60","30,12,937","9,58,86,09,199.60","1,45,412"
30-Jan-2026,EQ,"3,141.00","3,141.00","3,092.00","3,144.40","3,129.00","3,123.90","3,121.64","4,156.35","2,866.60","30,22,068","9,43,38,21,429.30","80,949"
29-Jan-2026,EQ,"3,200.10","3,200.10","3,125.60","3,200.10","3,139.00","3,144.40","3,143.88","4,156.35","2,866.60","24,57,641","7,72,65,26,569.30","1,20,763"
28-Jan-2026,EQ,"3,176.00","3,205.20","3,170.60","3,158.00","3,199.00","3,200.10","3,191.18","4,156.35","2,866.60","27,51,234","8,77,96,79,675.40","1,51,790"
27-Jan-2026,EQ,"3,175.00","3,175.00","3,130.00","3,162.50","3,167.00","3,158.00","3,146.85","4,156.35","2,866.60","42,79,874","13,46,81,14,372.20","1,49,619"
23-Jan-2026,EQ,"3,190.30","3,194.50","3,152.00","3,150.40","3,157.00","3,162.50","3,176.59","4,191.35","2,866.60","20,68,857","6,57,19,05,073.60","89,144"
22-Jan-2026,EQ,"3,150.00","3,160.00","3,122.30","3,122.60","3,152.20","3,150.40","3,142.82","4,191.35","2,866.60","22,69,827","7,13,36,63,295.30","91,528"
21-Jan-2026,EQ,"3,100.00","3,138.50","3,082.00","3,102.30","3,122.00","3,122.60","3,112.68","4,191.35","2,866.60","20,15,150","6,27,25,10,286.10","1,38,565"
20-Jan-2026,EQ,"3,151.60","3,160.00","3,091.10","3,163.60","3,104.20","3,102.30","3,127.35","4,191.35","2,866.60","44,99,273","14,07,08,02,629.30","1,52,322"
19-Jan-2026,EQ,"3,188.00","3,220.00","3,152.10","3,206.70","3,161.00","3,163.60","3,168.85","4,191.35","2,866.60","33,87,562","10,73,46,71,175.00","1,77,858"
16-Jan-2026,EQ,"3,219.40","3,221.90","3,171.00","3,192.50","3,209.00","3,206.70","3,200.62","4,322.95","2,866.60","42,93,470","13,74,17,76,327.90","1,49,121"
14-Jan-2026,EQ,"3,260.00","3,260.00","3,183.00","3,268.00","3,197.80","3,192.50","3,205.64","4,322.95","2,866.60","35,39,511","11,34,63,86,248.00","1,46,477"
13-Jan-2026,EQ,"3,245.00","3,280.00","3,210.50","3,239.60","3,263.00","3,268.00","3,251.44","4,322.95","2,866.60","56,45,341","18,35,54,97,917.00","1,98,353"
12-Jan-2026,EQ,"3,203.00","3,252.00","3,174.30","3,207.80","3,243.00","3,239.60","3,212.14","4,322.95","2,866.60","22,28,342","7,15,77,53,630.70","1,26,371"
09-Jan-2026,EQ,"3,191.00","3,229.70","3,191.00","3,203.90","3,212.60","3,207.80","3,209.44","4,322.95","2,866.60","19,38,673","6,22,20,59,522.60","1,34,640"
08-Jan-2026,EQ,"3,286.90","3,286.90","3,182.00","3,295.60","3,196.00","3,203.90","3,211.48","4,322.95","2,866.60","41,59,336","13,35,76,35,924.00","1,91,554"
07-Jan-2026,EQ,"3,242.90","3,300.60","3,223.20","3,255.80","3,294.00","3,295.60","3,284.64","4,322.95","2,866.60","19,89,442","6,53,45,92,137.10","87,338"
06-Jan-2026,EQ,"3,210.00","3,263.20","3,205.00","3,216.10","3,256.80","3,255.80","3,242.40","4,322.95","2,866.60","29,12,325","9,44,29,29,253.60","1,63,408"
05-Jan-2026,EQ,"3,240.50","3,247.00","3,191.00","3,250.70","3,213.00","3,216.10","3,220.21","4,322.95","2,866.60","23,41,703","7,54,07,84,169.40","1,15,281"
02-Jan-2026,EQ,"3,234.00","3,254.30","3,219.50","3,227.40","3,245.70","3,250.70","3,241.10","4,322.95","2,866.60","11,84,324","3,83,85,16,572.70","63,356"
01-Jan-2026,EQ,"3,215.00","3,234.10","3,198.20","3,206.20","3,225.00","3,227.40","3,219.97","4,322.95","2,866.60","12,55,735","4,04,34,25,200.10","56,642"
31-Dec-2025,EQ,"3,240.00","3,246.00","3,198.50","3,246.80","3,210.00","3,206.20","3,216.08","4,322.95","2,866.60","33,62,634","10,81,45,02,991.90","1,45,683"
30-Dec-2025,EQ,"3,250.00","3,267.50","3,239.50","3,251.50","3,255.00","3,246.80","3,250.64","4,322.95","2,866.60","28,07,593","9,12,64,73,823.50","1,84,541"
29-Dec-2025,EQ,"3,280.00","3,288.00","3,242.90","3,280.00","3,256.00","3,251.50","3,254.98","4,322.95","2,866.60","20,79,473","6,76,86,50,796.40","1,17,390"
26-Dec-2025,EQ,"3,313.10","3,320.00","3,271.80","3,319.00","3,276.80","3,280.00","3,287.91","4,322.95","2,866.60","11,76,664","3,86,87,59,940.60","89,363"
24-Dec-2025,EQ,"3,304.10","3,327.10","3,296.10","3,310.00","3,313.10","3,319.00","3,312.41","4,322.95","2,866.60","13,67,708","4,53,04,13,590.90","84,873"
23-Dec-2025,EQ,"3,319.90","3,319.90","3,293.50","3,324.90","3,305.10","3,310.00","3,304.76","4,322.95","2,866.60","23,65,420","7,81,71,55,849.90","1,39,216"
22-Dec-2025,EQ,"3,310.00","3,328.60","3,291.00","3,282.00","3,324.90","3,324.90","3,314.14","4,322.95","2,866.60","26,32,816","8,72,55,23,457.10","1,01,733"
19-Dec-2025,EQ,"3,299.00","3,317.90","3,278.80","3,280.80","3,285.00","3,282.00","3,295.00","4,475.00","2,866.60","39,02,511","12,85,87,80,664.30","1,22,711"
18-Dec-2025,EQ,"3,228.00","3,287.80","3,221.00","3,217.80","3,281.20","3,280.80","3,260.45","4,475.00","2,866.60","23,07,422","7,52,32,25,819.80","1,66,551"
17-Dec-2025,EQ,"3,200.50","3,236.90","3,200.50","3,205.10","3,217.80","3,217.80","3,218.60","4,475.00","2,866.60","13,76,350","4,42,99,15,958.70","88,357"
16-Dec-2025,EQ,"3,220.00","3,220.00","3,191.10","3,230.20","3,206.60","3,205.10","3,204.68","4,475.00","2,866.60","17,34,623","5,55,89,13,487.80","97,265"
15-Dec-2025,EQ,"3,211.10","3,238.20","3,197.30","3,220.50","3,227.00","3,230.20","3,220.97","4,475.00","2,866.60","15,62,190","5,03,17,66,680.70","1,07,289"
12-Dec-2025,EQ,"3,197.70","3,223.00","3,185.70","3,191.90","3,220.10","3,220.50","3,209.12","4,494.90","2,866.60","11,46,554","3,67,94,24,706.90","83,968"
11-Dec-2025,EQ,"3,205.00","3,208.40","3,153.10","3,189.20","3,193.90","3,191.90","3,184.35","4,494.90","2,866.60","19,14,362","6,09,59,95,407.30","1,00,793"
10-Dec-2025,EQ,"3,225.00","3,225.00","3,178.10","3,208.30","3,185.00","3,189.20","3,191.56","4,494.90","2,866.60","13,86,849","4,42,62,07,513.50","82,261"
09-Dec-2025,EQ,"3,230.00","3,233.70","3,181.20","3,236.50","3,208.00","3,208.30","3,201.08","4,494.90","2,866.60","27,34,893","8,75,46,08,897.60","1,38,787"
08-Dec-2025,EQ,"3,243.00","3,259.90","3,208.60","3,238.20","3,237.90","3,236.50","3,236.92","4,494.90","2,866.60","25,44,725","8,23,70,58,645.90","1,21,186"
05-Dec-2025,EQ,"3,230.00","3,271.60","3,222.40","3,229.20","3,241.00","3,238.20","3,246.03","4,494.90","2,866.60","52,44,013","17,02,22,14,888.30","1,78,219"
04-Dec-2025,EQ,"3,194.00","3,250.00","3,187.40","3,180.00","3,227.00","3,229.20","3,231.21","4,494.90","2,866.60","50,25,905","16,23,97,49,623.20","1,85,585"
03-Dec-2025,EQ,"3,140.00","3,211.90","3,139.00","3,135.70","3,180.00","3,180.00","3,185.48","4,494.90","2,866.60","39,52,112","12,58,93,78,283.40","1,92,454"
02-Dec-2025,EQ,"3,131.00","3,144.00","3,120.40","3,133.40","3,137.50","3,135.70","3,133.36","4,494.90","2,866.60","25,12,003","7,87,10,11,640.60","1,27,701"
01-Dec-2025,EQ,"3,137.90","3,154.00","3,122.20","3,137.50","3,138.00","3,133.40","3,133.29","4,494.90","2,866.60","17,47,647","5,47,58,78,282.20","1,30,698"
28-Nov-2025,EQ,"3,140.00","3,147.30","3,125.00","3,136.60","3,135.90","3,137.50","3,137.82","4,494.90","2,866.60","16,16,690","5,07,28,88,841.30","79,463"
27-Nov-2025,EQ,"3,180.00","3,180.00","3,125.00","3,162.90","3,134.00","3,136.60","3,142.97","4,494.90","2,866.60","28,36,233","8,91,41,92,099.10","1,71,374"
26-Nov-2025,EQ,"3,118.80","3,178.00","3,117.00","3,119.20","3,162.90","3,162.90","3,157.95","4,494.90","2,866.60","25,08,527","7,92,18,09,747.00","1,12,405"
25-Nov-2025,EQ,"3,145.30","3,149.80","3,115.00","3,141.20","3,115.70","3,119.20","3,127.55","4,494.90","2,866.60","27,37,920","8,56,29,68,101.70","1,44,573"
24-Nov-2025,EQ,"3,158.00","3,178.90","3,131.00","3,150.60","3,134.00","3,141.20","3,151.71","4,494.90","2,866.60","67,03,764","21,12,83,17,183.50","1,76,937"
21-Nov-2025,EQ,"3,144.80","3,170.00","3,135.20","3,144.80","3,150.00","3,150.60","3,153.22","4,494.90","2,866.60","41,77,037","13,17,11,33,172.80","1,36,571"
20-Nov-2025,EQ,"3,148.00","3,164.50","3,138.10","3,147.70","3,149.80","3,144.80","3,152.05","4,494.90","2,866.60","27,00,767","8,51,29,40,687.70","1,13,822"
19-Nov-2025,EQ,"3,097.00","3,155.00","3,083.50","3,087.10","3,147.00","3,147.70","3,136.67","4,494.90","2,866.60","31,51,053","9,88,38,20,509.80","1,60,625"
18-Nov-2025,EQ,"3,102.00","3,105.00","3,078.00","3,102.20","3,080.10","3,087.10","3,090.92","4,494.90","2,866.60","25,48,350","7,87,67,55,648.90","1,10,903"
17-Nov-2025,EQ,"3,106.00","3,123.50","3,086.60","3,106.00","3,100.00","3,102.20","3,099.87","4,494.90","2,866.60","22,32,853","6,92,15,46,326.90","96,155"
14-Nov-2025,EQ,"3,090.00","3,113.10","3,077.30","3,105.70","3,112.00","3,106.00","3,095.35","4,494.90","2,866.60","22,10,794","6,84,31,77,119.90","1,05,008"
13-Nov-2025,EQ,"3,131.80","3,131.90","3,102.00","3,131.80","3,104.80","3,105.70","3,113.07","4,494.90","2,866.60","17,40,435","5,41,80,91,012.50","1,20,845"
12-Nov-2025,EQ,"3,060.00","3,136.40","3,057.10","3,047.00","3,125.10","3,131.80","3,114.78","4,494.90","2,866.60","44,60,315","13,89,29,02,410.20","1,75,446"
11-Nov-2025,EQ,"3,045.00","3,055.70","3,018.00","3,025.20","3,049.00","3,047.00","3,037.03","4,494.90","2,866.60","28,06,868","8,52,45,41,738.50","1,12,361"
10-Nov-2025,EQ,"2,993.00","3,047.90","2,992.00","2,991.80","3,025.00","3,025.20","3,022.51","4,494.90","2,866.60","15,56,656","4,70,50,08,219.70","78,119"
07-Nov-2025,EQ,"3,001.00","3,004.00","2,960.50","3,010.90","2,993.50","2,991.80","2,979.65","4,494.90","2,866.60","18,30,520","5,45,43,08,584.30","1,06,949"
06-Nov-2025,EQ,"2,990.10","3,024.00","2,990.00","2,990.20","3,010.00","3,010.90","3,010.50","4,494.90","2,866.60","25,42,721","7,65,48,60,638.80","2,00,775"
04-Nov-2025,EQ,"3,019.60","3,029.30","2,976.00","3,016.80","2,987.70","2,990.20","2,992.11","4,494.90","2,866.60","26,70,720","7,99,10,78,689.60","1,68,525"
03-Nov-2025,EQ,"3,046.90","3,058.00","3,010.00","3,058.00","3,019.50","3,016.80","3,024.83","4,494.90","2,866.60","21,94,877","6,63,91,24,030.70","1,01,452"
31-Oct-2025,EQ,"3,035.00","3,067.40","3,025.10","3,035.30","3,060.00","3,058.00","3,055.61","4,494.90","2,866.60","18,68,085","5,70,81,36,334.30","81,376"
30-Oct-2025,EQ,"3,049.10","3,063.80","3,032.80","3,057.60","3,035.50","3,035.30","3,039.99","4,494.90","2,866.60","22,41,536","6,81,42,45,032.00","1,15,244"
29-Oct-2025,EQ,"3,057.90","3,076.00","3,046.10","3,057.90","3,060.00","3,057.60","3,061.14","4,494.90","2,866.60","28,95,420","8,86,32,86,092.50","1,16,138"
28-Oct-2025,EQ,"3,076.00","3,090.20","3,040.20","3,084.90","3,059.80","3,057.90","3,059.27","4,494.90","2,866.60","34,70,737","10,61,79,38,168.30","1,40,326"
27-Oct-2025,EQ,"3,066.50","3,094.20","3,060.20","3,063.20","3,083.00","3,084.90","3,083.94","4,494.90","2,866.60","19,46,312","6,00,23,14,206.60","85,517"
24-Oct-2025,EQ,"3,080.00","3,090.00","3,058.30","3,073.20","3,060.60","3,063.20","3,073.62","4,494.90","2,866.60","26,84,318","8,25,05,73,087.80","1,87,127"
23-Oct-2025,EQ,"3,055.00","3,098.00","3,036.10","3,006.70","3,070.00","3,073.20","3,075.63","4,494.90","2,866.60","55,64,758","17,11,51,35,296.00","2,90,229"
21-Oct-2025,EQ,"3,031.10","3,031.80","2,996.00","3,015.20","3,000.00","3,006.70","3,013.14","4,494.90","2,866.60","3,10,644","93,60,15,414.70","29,319"
20-Oct-2025,EQ,"2,985.50","3,023.00","2,978.50","2,962.20","3,016.30","3,015.20","3,007.54","4,494.90","2,866.60","31,33,039","9,42,27,54,243.30","1,63,532"
17-Oct-2025,EQ,"2,970.00","2,988.80","2,955.40","2,970.70","2,963.00","2,962.20","2,967.59","4,494.90","2,866.60","43,74,683","12,98,22,48,748.30","1,65,312"
16-Oct-2025,EQ,"2,969.90","2,975.00","2,943.10","2,969.80","2,971.80","2,970.70","2,961.98","4,494.90","2,866.60","32,51,495","9,63,08,75,594.50","1,97,293"
15-Oct-2025,EQ,"2,971.00","2,979.70","2,951.00","2,960.30","2,970.00","2,969.80","2,967.01","4,494.90","2,866.60","42,82,226","12,70,53,86,117.20","1,46,773"
14-Oct-2025,EQ,"3,021.00","3,027.20","2,955.50","3,007.20","2,960.00","2,960.30","2,976.34","4,494.90","2,866.60","36,11,416","10,74,87,94,587.50","1,83,673"
13-Oct-2025,EQ,"3,027.00","3,035.50","2,998.20","3,028.30","3,006.00","3,007.20","3,011.37","4,494.90","2,866.60","28,66,865","8,63,31,80,149.10","1,69,572"
10-Oct-2025,EQ,"3,050.00","3,070.00","3,006.90","3,061.70","3,028.00","3,028.30","3,032.16","4,494.90","2,866.60","88,17,365","26,73,56,29,672.60","2,44,153"
09-Oct-2025,EQ,"3,034.00","3,066.00","3,020.00","3,027.20","3,060.20","3,061.70","3,046.36","4,494.90","2,866.60","32,11,304","9,78,27,98,225.60","1,33,703"
08-Oct-2025,EQ,"2,975.00","3,043.00","2,968.00","2,973.70","3,031.50","3,027.20","3,024.78","4,494.90","2,866.60","41,21,889","12,46,78,11,108.50","1,54,336"
07-Oct-2025,EQ,"2,995.00","3,004.50","2,955.50","2,988.40","2,975.00","2,973.70","2,971.70","4,494.90","2,866.60","30,62,943","9,10,21,39,525.60","1,41,987"
06-Oct-2025,EQ,"2,902.00","2,993.60","2,895.60","2,901.90","2,988.00","2,988.40","2,959.88","4,494.90","2,866.60","21,12,774","6,25,35,56,716.30","1,00,920"
03-Oct-2025,EQ,"2,924.00","2,924.00","2,891.10","2,914.20","2,903.00","2,901.90","2,902.27","4,494.90","2,866.60","28,99,519","8,41,51,75,156.20","1,56,466"
01-Oct-2025,EQ,"2,891.00","2,924.80","2,866.60","2,888.40","2,915.10","2,914.20","2,897.26","4,494.90","2,866.60","19,52,902","5,65,80,70,903.00","1,24,217"
30-Sep-2025,EQ,"2,911.00","2,915.30","2,885.10","2,896.10","2,891.00","2,888.40","2,895.89","4,494.90","2,885.10","22,53,458","6,52,57,55,380.40","2,01,510"
29-Sep-2025,EQ,"2,916.00","2,929.30","2,894.00","2,899.10","2,904.30","2,896.10","2,904.37","4,494.90","2,891.30","31,10,035","9,03,26,90,025.70","1,79,197"
26-Sep-2025,EQ,"2,941.00","2,954.80","2,891.30","2,957.40","2,905.40","2,899.10","2,915.19","4,494.90","2,891.30","39,34,636","11,47,02,04,570.00","3,90,339"
25-Sep-2025,EQ,"3,022.00","3,029.60","2,951.00","3,035.40","2,958.00","2,957.40","2,977.56","4,494.90","2,951.00","49,74,361","14,81,14,52,426.90","4,18,858"
24-Sep-2025,EQ,"3,050.00","3,057.00","3,033.00","3,062.40","3,036.80","3,035.40","3,044.04","4,494.90","2,991.60","16,25,714","4,94,87,46,206.60","1,01,133"
23-Sep-2025,EQ,"3,070.00","3,080.70","3,052.00","3,073.80","3,065.00","3,062.40","3,063.85","4,494.90","2,991.60","31,77,741","9,73,61,21,756.20","1,41,198"
22-Sep-2025,EQ,"3,095.00","3,106.90","3,065.00","3,169.20","3,075.50","3,073.80","3,082.86","4,494.90","2,991.60","36,34,901","11,20,58,89,441.10","3,21,272"
19-Sep-2025,EQ,"3,170.00","3,180.50","3,144.00","3,176.70","3,171.00","3,169.20","3,163.36","4,546.05","2,991.60","49,01,694","15,50,58,26,514.10","1,09,280"
18-Sep-2025,EQ,"3,185.00","3,203.00","3,161.40","3,172.80","3,177.00","3,176.70","3,179.00","4,546.05","2,991.60","26,33,138","8,37,07,38,058.40","1,47,801"
17-Sep-2025,EQ,"3,152.00","3,182.40","3,142.40","3,145.70","3,175.00","3,172.80","3,170.19","4,546.05","2,991.60","24,18,271","7,66,63,88,043.20","1,00,973"
16-Sep-2025,EQ,"3,128.00","3,150.00","3,109.10","3,111.90","3,147.90","3,145.70","3,132.70","4,546.05","2,991.60","25,73,429","8,06,17,82,019.30","96,675"
15-Sep-2025,EQ,"3,134.00","3,134.00","3,096.00","3,133.40","3,112.50","3,111.90","3,108.20","4,546.05","2,991.60","17,32,539","5,38,50,83,002.30","1,45,801"
12-Sep-2025,EQ,"3,144.00","3,148.70","3,121.00","3,124.20","3,133.00","3,133.40","3,134.12","4,549.35","2,991.60","14,47,167","4,53,55,89,799.80","1,03,589"
11-Sep-2025,EQ,"3,139.00","3,139.00","3,110.10","3,110.00","3,125.20","3,124.20","3,121.51","4,549.35","2,991.60","22,63,446","7,06,53,62,076.90","1,26,730"
10-Sep-2025,EQ,"3,056.40","3,122.70","3,053.40","3,049.40","3,110.00","3,110.00","3,104.63","4,549.35","2,991.60","20,79,428","6,45,58,61,143.70","1,27,545"
09-Sep-2025,EQ,"3,032.10","3,060.00","3,030.80","3,019.00","3,052.00","3,049.40","3,048.62","4,549.35","2,991.60","24,89,301","7,58,89,29,067.90","1,64,479"
08-Sep-2025,EQ,"3,050.00","3,064.90","3,016.00","3,048.30","3,023.20","3,019.00","3,028.84","4,549.35","2,991.60","26,26,187","7,95,42,91,229.00","1,12,429"
05-Sep-2025,EQ,"3,097.10","3,103.40","3,028.60","3,095.70","3,048.00","3,048.30","3,052.10","4,588.00","2,991.60","28,02,055","8,55,21,62,278.60","2,03,461"
04-Sep-2025,EQ,"3,116.00","3,118.00","3,090.80","3,097.50","3,095.80","3,095.70","3,101.37","4,588.00","2,991.60","14,81,391","4,59,43,43,759.60","1,04,731"
03-Sep-2025,EQ,"3,129.90","3,141.90","3,088.00","3,111.50","3,100.00","3,097.50","3,102.69","4,588.00","2,991.60","17,99,774","5,58,41,47,665.60","1,06,698"
02-Sep-2025,EQ,"3,121.10","3,155.00","3,103.10","3,112.60","3,112.00","3,111.50","3,125.54","4,588.00","2,991.60","21,85,229","6,83,00,18,367.90","1,54,171"
01-Sep-2025,EQ,"3,090.00","3,131.10","3,090.00","3,084.70","3,111.00","3,112.60","3,118.12","4,588.00","2,991.60","12,46,862","3,88,78,60,373.50","85,857"
29-Aug-2025,EQ,"3,093.00","3,115.00","3,077.20","3,093.70","3,083.80","3,084.70","3,093.86","4,592.25","2,991.60","22,71,789","7,02,86,04,709.30","1,09,782"
28-Aug-2025,EQ,"3,145.00","3,146.50","3,086.50","3,157.20","3,098.00","3,093.70","3,110.39","4,592.25","2,991.60","31,16,051","9,69,21,21,881.30","2,04,600"
26-Aug-2025,EQ,"3,129.00","3,162.00","3,120.00","3,140.60","3,157.00","3,157.20","3,152.41","4,592.25","2,991.60","55,22,097","17,40,79,35,331.00","1,73,962"
25-Aug-2025,EQ,"3,087.30","3,152.00","3,077.10","3,054.00","3,142.10","3,140.60","3,133.79","4,592.25","2,991.60","34,48,370","10,80,64,64,376.70","2,00,973"
22-Aug-2025,EQ,"3,086.00","3,095.70","3,050.00","3,102.60","3,054.70","3,054.00","3,068.45","4,592.25","2,991.60","15,93,791","4,89,04,62,450.30","82,740"
21-Aug-2025,EQ,"3,130.00","3,130.00","3,083.10","3,098.60","3,100.00","3,102.60","3,107.84","4,592.25","2,991.60","32,30,726","10,04,05,86,025.70","1,19,697"
20-Aug-2025,EQ,"3,010.90","3,103.40","3,010.90","3,016.20","3,094.80","3,098.60","3,078.21","4,592.25","2,991.60","49,52,358","15,24,44,01,986.40","1,90,110"
19-Aug-2025,EQ,"3,011.20","3,025.00","3,011.10","3,011.20","3,018.00","3,016.20","3,016.58","4,592.25","2,991.60","26,50,784","7,99,62,91,836.90","1,19,303"
18-Aug-2025,EQ,"3,046.50","3,049.00","3,003.40","3,022.30","3,013.00","3,011.20","3,015.34","4,592.25","2,991.60","29,45,609","8,88,20,05,616.60","1,37,367"
14-Aug-2025,EQ,"3,034.00","3,055.90","3,019.10","3,036.20","3,022.50","3,022.30","3,032.52","4,592.25","2,991.60","33,42,174","10,13,52,12,616.40","1,94,661"
13-Aug-2025,EQ,"3,036.10","3,044.40","3,028.60","3,035.40","3,035.00","3,036.20","3,037.72","4,592.25","2,991.60","21,48,166","6,52,55,33,464.30","1,17,340"
12-Aug-2025,EQ,"3,041.00","3,096.40","3,026.90","3,040.80","3,039.80","3,035.40","3,057.38","4,592.25","2,991.60","33,58,232","10,26,73,95,734.80","1,65,565"
11-Aug-2025,EQ,"3,036.40","3,049.90","3,021.30","3,036.40","3,042.00","3,040.80","3,040.50","4,592.25","2,991.60","18,84,215","5,72,89,58,255.60","1,32,617"
08-Aug-2025,EQ,"3,048.10","3,059.80","3,025.00","3,047.00","3,031.90","3,036.40","3,043.58","4,592.25","2,991.60","27,62,140","8,40,68,05,181.00","1,19,961"
07-Aug-2025,EQ,"3,016.00","3,051.60","3,010.90","3,032.30","3,049.10","3,047.00","3,032.09","4,592.25","2,991.60","25,43,076","7,71,08,29,083.30","1,38,156"
06-Aug-2025,EQ,"3,063.00","3,066.80","3,026.00","3,063.90","3,031.60","3,032.30","3,037.10","4,592.25","2,991.60","14,87,081","4,51,64,12,670.50","1,09,992"
05-Aug-2025,EQ,"3,074.40","3,077.50","3,042.00","3,074.40","3,060.00","3,063.90","3,057.96","4,592.25","2,991.60","19,27,996","5,89,57,39,286.30","1,18,848"
04-Aug-2025,EQ,"3,009.10","3,079.40","2,991.60","3,003.00","3,078.70","3,074.40","3,046.24","4,592.25","2,991.60","25,19,252","7,67,42,44,863.50","1,54,005"
01-Aug-2025,EQ,"3,029.90","3,036.80","3,000.00","3,036.80","3,001.10","3,003.00","3,013.79","4,592.25","3,000.00","20,53,847","6,18,98,63,144.50","1,54,119"
31-Jul-2025,EQ,"3,041.70","3,059.80","3,015.00","3,053.60","3,033.20","3,036.80","3,034.36","4,592.25","3,015.00","29,68,371","9,00,71,05,954.30","1,99,367"
30-Jul-2025,EQ,"3,060.00","3,069.00","3,047.20","3,056.00","3,052.10","3,053.60","3,058.58","4,592.25","3,041.20","28,80,121","8,80,90,78,906.80","1,27,490"
29-Jul-2025,EQ,"3,060.00","3,074.00","3,041.20","3,079.30","3,057.00","3,056.00","3,056.04","4,592.25","3,041.20","47,85,312","14,62,40,90,930.70","2,47,039"
28-Jul-2025,EQ,"3,110.00","3,118.00","3,069.90","3,135.80","3,085.80","3,079.30","3,092.56","4,592.25","3,056.05","33,74,473","10,43,57,52,450.00","2,73,133"
25-Jul-2025,EQ,"3,140.00","3,156.90","3,125.60","3,148.00","3,140.00","3,135.80","3,140.77","4,592.25","3,056.05","25,68,917","8,06,83,75,805.90","1,05,704"
24-Jul-2025,EQ,"3,165.10","3,173.70","3,140.00","3,179.10","3,144.90","3,148.00","3,155.37","4,592.25","3,056.05","29,34,778","9,26,03,12,011.30","1,02,612"
23-Jul-2025,EQ,"3,159.60","3,182.00","3,157.60","3,159.60","3,175.00","3,179.10","3,169.59","4,592.25","3,056.05","19,22,875","6,09,47,30,938.80","96,628"
22-Jul-2025,EQ,"3,159.60","3,180.10","3,154.60","3,158.20","3,164.70","3,159.60","3,163.54","4,592.25","3,056.05","31,98,036","10,11,71,07,299.10","1,38,279"
21-Jul-2025,EQ,"3,190.00","3,197.60","3,152.00","3,189.90","3,158.90","3,158.20","3,162.44","4,592.25","3,056.05","38,44,346","12,15,75,19,336.90","1,95,683"
18-Jul-2025,EQ,"3,225.00","3,228.80","3,187.00","3,209.20","3,189.60","3,189.90","3,201.13","4,592.25","3,056.05","34,32,645","10,98,83,48,160.40","1,95,464"
17-Jul-2025,EQ,"3,224.10","3,242.00","3,204.10","3,233.10","3,207.70","3,209.20","3,220.48","4,592.25","3,056.05","29,47,640","9,49,28,07,475.50","1,57,207"
16-Jul-2025,EQ,"3,227.00","3,244.90","3,220.60","3,252.30","3,230.90","3,233.10","3,235.91","4,592.25","3,056.05","25,40,733","8,22,15,86,412.60","1,72,998"
15-Jul-2025,EQ,"3,206.00","3,259.40","3,206.00","3,222.70","3,252.00","3,252.30","3,243.32","4,592.25","3,056.05","25,90,889","8,40,30,81,368.10","1,71,257"
14-Jul-2025,EQ,"3,266.00","3,272.00","3,200.00","3,266.00","3,227.50","3,222.70","3,224.72","4,592.25","3,056.05","39,24,009","12,65,38,11,861.80","3,96,894"
11-Jul-2025,EQ,"3,299.90","3,335.00","3,261.10","3,382.00","3,264.50","3,266.00","3,295.45","4,592.25","3,056.05","76,35,550","25,16,25,51,686.40","5,52,284"
10-Jul-2025,EQ,"3,380.00","3,399.00","3,356.00","3,383.80","3,395.00","3,382.00","3,379.02","4,592.25","3,056.05","30,35,012","10,25,53,61,029.90","1,76,792"
09-Jul-2025,EQ,"3,410.00","3,414.00","3,367.00","3,406.20","3,386.00","3,383.80","3,387.16","4,592.25","3,056.05","20,34,938","6,89,26,61,354.30","1,91,376"
08-Jul-2025,EQ,"3,405.00","3,425.00","3,393.40","3,411.70","3,406.00","3,406.20","3,407.01","4,592.25","3,056.05","23,25,242","7,92,21,16,743.70","1,78,045"
07-Jul-2025,EQ,"3,418.30","3,426.10","3,408.40","3,419.80","3,410.60","3,411.70","3,417.70","4,592.25","3,056.05","16,39,174","5,60,22,06,127.80","73,810"
04-Jul-2025,EQ,"3,408.00","3,427.00","3,390.10","3,400.80","3,420.00","3,419.80","3,413.91","4,592.25","3,056.05","11,09,320","3,78,71,17,009.90","87,593"
03-Jul-2025,EQ,"3,430.00","3,435.30","3,397.60","3,423.30","3,400.00","3,400.80","3,414.55","4,592.25","3,056.05","25,31,870","8,64,52,07,975.40","1,31,370"
02-Jul-2025,EQ,"3,487.20","3,489.90","3,420.00","3,429.70","3,423.50","3,423.30","3,445.44","4,592.25","3,056.05","30,90,585","10,64,84,36,048.10","1,11,947"
01-Jul-2025,EQ,"3,455.00","3,485.00","3,413.50","3,462.00","3,430.00","3,429.70","3,439.04","4,592.25","3,056.05","23,75,183","8,16,83,54,151.00","1,25,874"
30-Jun-2025,EQ,"3,439.90","3,464.90","3,430.00","3,441.10","3,460.00","3,462.00","3,452.05","4,592.25","3,056.05","14,68,351","5,06,88,27,379.20","1,30,938"
27-Jun-2025,EQ,"3,455.00","3,466.40","3,431.00","3,441.80","3,445.00","3,441.10","3,445.16","4,592.25","3,056.05","17,78,433","6,12,69,78,962.50","1,22,369"
26-Jun-2025,EQ,"3,444.80","3,451.40","3,415.30","3,444.80","3,443.00","3,441.80","3,437.70","4,592.25","3,056.05","28,79,106","9,89,75,01,153.90","1,43,687"
25-Jun-2025,EQ,"3,407.30","3,450.00","3,400.00","3,390.40","3,443.00","3,444.80","3,422.33","4,592.25","3,056.05","17,57,699","6,01,54,21,913.00","1,01,280"
24-Jun-2025,EQ,"3,434.60","3,442.10","3,382.00","3,393.60","3,392.00","3,390.40","3,408.47","4,592.25","3,056.05","34,03,048","11,59,91,75,864.40","1,78,183"
23-Jun-2025,EQ,"3,415.00","3,425.00","3,370.00","3,435.70","3,392.00","3,393.60","3,392.20","4,592.25","3,056.05","31,23,421","10,59,52,71,627.80","1,53,401"
20-Jun-2025,EQ,"3,425.00","3,446.30","3,410.90","3,424.00","3,429.10","3,435.70","3,432.16","4,592.25","3,056.05","23,51,248","8,06,98,55,528.70","1,00,374"
19-Jun-2025,EQ,"3,450.00","3,451.00","3,413.00","3,451.40","3,420.00","3,424.00","3,426.54","4,592.25","3,056.05","26,72,768","9,15,83,51,862.50","1,25,292"
18-Jun-2025,EQ,"3,519.10","3,538.00","3,443.10","3,515.30","3,455.00","3,451.40","3,483.78","4,592.25","3,056.05","26,96,327","9,39,33,97,237.60","1,03,359"
17-Jun-2025,EQ,"3,510.00","3,520.00","3,488.10","3,496.30","3,512.00","3,515.30","3,511.25","4,592.25","3,056.05","21,11,940","7,41,55,51,942.20","1,45,498"
16-Jun-2025,EQ,"3,440.00","3,509.00","3,426.20","3,445.70","3,496.20","3,496.30","3,493.01","4,592.25","3,056.05","19,34,088","6,75,57,88,711.20","1,09,847"
13-Jun-2025,EQ,"3,393.20","3,450.50","3,393.20","3,434.20","3,447.40","3,445.70","3,436.18","4,592.25","3,056.05","21,78,493","7,48,56,89,915.90","1,40,820"
12-Jun-2025,EQ,"3,471.90","3,474.70","3,423.20","3,471.90","3,432.00","3,434.20","3,447.13","4,592.25","3,056.05","40,60,134","13,99,57,94,452.10","1,64,333"
11-Jun-2025,EQ,"3,470.00","3,489.00","3,449.10","3,462.90","3,470.80","3,471.90","3,471.90","4,592.25","3,056.05","28,47,013","9,88,45,49,517.90","1,63,525"
10-Jun-2025,EQ,"3,440.00","3,485.80","3,423.20","3,421.90","3,461.90","3,462.90","3,462.61","4,592.25","3,056.05","24,19,874","8,37,90,90,971.30","1,09,195"
09-Jun-2025,EQ,"3,400.00","3,434.00","3,390.90","3,384.20","3,423.00","3,421.90","3,420.68","4,592.25","3,056.05","17,18,678","5,87,90,53,289.40","73,412"
06-Jun-2025,EQ,"3,371.10","3,390.90","3,358.70","3,371.10","3,388.00","3,384.20","3,376.59","4,592.25","3,056.05","20,70,390","6,99,08,55,288.40","94,941"
05-Jun-2025,EQ,"3,409.00","3,409.00","3,363.70","3,380.90","3,374.00","3,371.10","3,380.39","4,592.25","3,056.05","35,84,683","12,11,76,23,680.00","1,29,913"